[{"Date": "2023-03-1", "Minimum temperature (\u00b0C)": "14.3", "Maximum temperature (\u00b0C)": "21.1", "Rainfall (mm)": "3.2", "Evaporation (mm)": "2.0", "Sunshine (hours)": "4.4", "Speed of maximum wind gust (km/h)": "28", "Time of maximum wind gust": "10:36", "9am Temperature (\u00b0C)": "14.9", "9am relative humidity (%)": "94", "9am cloud amount (oktas)": "7", "9am wind speed (km/h)": 7, "9am MSL pressure (hPa)": "1013.3", "3pm Temperature (\u00b0C)": "20.7", "3pm relative humidity (%)": "61", "3pm cloud amount (oktas)": "7", "3pm wind speed (km/h)": 9, "3pm MSL pressure (hPa)": "1013.2"}, {"Date": "2023-03-2", "Minimum temperature (\u00b0C)": "14.5", "Maximum temperature (\u00b0C)": "21.7", "Rainfall (mm)": "0.8", "Evaporation (mm)": "3.8", "Sunshine (hours)": "1.3", "Speed of maximum wind gust (km/h)": "26", "Time of maximum wind gust": "14:14", "9am Temperature (\u00b0C)": "16.1", "9am relative humidity (%)": "73", "9am cloud amount (oktas)": "7", "9am wind speed (km/h)": 9, "9am MSL pressure (hPa)": "1014.8", "3pm Temperature (\u00b0C)": "21.2", "3pm relative humidity (%)": "59", "3pm cloud amount (oktas)": "7", "3pm wind speed (km/h)": 9, "3pm MSL pressure (hPa)": "1014.3"}, {"Date": "2023-03-3", "Minimum temperature (\u00b0C)": "15.5", "Maximum temperature (\u00b0C)": "19.8", "Rainfall (mm)": "0.2", "Evaporation (mm)": "4.0", "Sunshine (hours)": "7.9", "Speed of maximum wind gust (km/h)": "35", "Time of maximum wind gust": "13:07", "9am Temperature (\u00b0C)": "16.6", "9am relative humidity (%)": "65", "9am cloud amount (oktas)": "6", "9am wind speed (km/h)": 13, "9am MSL pressure (hPa)": "1018.9", "3pm Temperature (\u00b0C)": "18.6", "3pm relative humidity (%)": "54", "3pm cloud amount (oktas)": "1", "3pm wind speed (km/h)": 24, "3pm MSL pressure (hPa)": "1017.3"}, {"Date": "2023-03-4", "Minimum temperature (\u00b0C)": "14.1", "Maximum temperature (\u00b0C)": "31.4", "Rainfall (mm)": "0", "Evaporation (mm)": "7.6", "Sunshine (hours)": "5.7", "Speed of maximum wind gust (km/h)": "31", "Time of maximum wind gust": "13:21", "9am Temperature (\u00b0C)": "16.8", "9am relative humidity (%)": "76", "9am cloud amount (oktas)": "6", "9am wind speed (km/h)": 7, "9am MSL pressure (hPa)": "1013.3", "3pm Temperature (\u00b0C)": "30.2", "3pm relative humidity (%)": "36", "3pm cloud amount (oktas)": "6", "3pm wind speed (km/h)": 15, "3pm MSL pressure (hPa)": "1008.0"}, {"Date": "2023-03-5", "Minimum temperature (\u00b0C)": "16.5", "Maximum temperature (\u00b0C)": "32.9", "Rainfall (mm)": "0", "Evaporation (mm)": "6.6", "Sunshine (hours)": "7.2", "Speed of maximum wind gust (km/h)": "44", "Time of maximum wind gust": "10:18", "9am Temperature (\u00b0C)": "23.2", "9am relative humidity (%)": "57", "9am cloud amount (oktas)": "1", "9am wind speed (km/h)": 13, "9am MSL pressure (hPa)": "1003.9", "3pm Temperature (\u00b0C)": "29.2", "3pm relative humidity (%)": "31", "3pm cloud amount (oktas)": "5", "3pm wind speed (km/h)": 6, "3pm MSL pressure (hPa)": "1000.8"}, {"Date": "2023-03-6", "Minimum temperature (\u00b0C)": "15.5", "Maximum temperature (\u00b0C)": "25.3", "Rainfall (mm)": "5.6", "Evaporation (mm)": "10.8", "Sunshine (hours)": "11.2", "Speed of maximum wind gust (km/h)": "50", "Time of maximum wind gust": "09:54", "9am Temperature (\u00b0C)": "17.4", "9am relative humidity (%)": "63", "9am cloud amount (oktas)": "1", "9am wind speed (km/h)": 13, "9am MSL pressure (hPa)": "1004.9", "3pm Temperature (\u00b0C)": "24.0", "3pm relative humidity (%)": "37", "3pm cloud amount (oktas)": "3", "3pm wind speed (km/h)": 11, "3pm MSL pressure (hPa)": "1003.0"}, {"Date": "2023-03-7", "Minimum temperature (\u00b0C)": "15.4", "Maximum temperature (\u00b0C)": "23.2", "Rainfall (mm)": "0", "Evaporation (mm)": "8.8", "Sunshine (hours)": "7.6", "Speed of maximum wind gust (km/h)": "50", "Time of maximum wind gust": "15:08", "9am Temperature (\u00b0C)": "16.7", "9am relative humidity (%)": "55", "9am cloud amount (oktas)": "7", "9am wind speed (km/h)": 15, "9am MSL pressure (hPa)": "1006.7", "3pm Temperature (\u00b0C)": "21.3", "3pm relative humidity (%)": "39", "3pm cloud amount (oktas)": "6", "3pm wind speed (km/h)": 15, "3pm MSL pressure (hPa)": "1003.9"}, {"Date": "2023-03-8", "Minimum temperature (\u00b0C)": "12.3", "Maximum temperature (\u00b0C)": "19.4", "Rainfall (mm)": "1.0", "Evaporation (mm)": "9.6", "Sunshine (hours)": "8.7", "Speed of maximum wind gust (km/h)": "48", "Time of maximum wind gust": "23:33", "9am Temperature (\u00b0C)": "13.4", "9am relative humidity (%)": "62", "9am cloud amount (oktas)": "1", "9am wind speed (km/h)": 11, "9am MSL pressure (hPa)": "1007.3", "3pm Temperature (\u00b0C)": "18.2", "3pm relative humidity (%)": "35", "3pm cloud amount (oktas)": "7", "3pm wind speed (km/h)": 9, "3pm MSL pressure (hPa)": "1006.6"}, {"Date": "2023-03-9", "Minimum temperature (\u00b0C)": "12.9", "Maximum temperature (\u00b0C)": "22.1", "Rainfall (mm)": "0", "Evaporation (mm)": "5.2", "Sunshine (hours)": "6.2", "Speed of maximum wind gust (km/h)": "31", "Time of maximum wind gust": "09:34", "9am Temperature (\u00b0C)": "14.5", "9am relative humidity (%)": "63", "9am cloud amount (oktas)": "7", "9am wind speed (km/h)": 7, "9am MSL pressure (hPa)": "1012.0", "3pm Temperature (\u00b0C)": "20.2", "3pm relative humidity (%)": "52", "3pm cloud amount (oktas)": "7", "3pm wind speed (km/h)": 9, "3pm MSL pressure (hPa)": "1011.9"}, {"Date": "2023-03-10", "Minimum temperature (\u00b0C)": "14.5", "Maximum temperature (\u00b0C)": "24.0", "Rainfall (mm)": "0", "Evaporation (mm)": "4.6", "Sunshine (hours)": "8.2", "Speed of maximum wind gust (km/h)": "28", "Time of maximum wind gust": "19:41", "9am Temperature (\u00b0C)": "17.1", "9am relative humidity (%)": "68", "9am cloud amount (oktas)": "7", "9am wind speed (km/h)": 6, "9am MSL pressure (hPa)": "1017.0", "3pm Temperature (\u00b0C)": "22.5", "3pm relative humidity (%)": "51", "3pm cloud amount (oktas)": "1", "3pm wind speed (km/h)": 11, "3pm MSL pressure (hPa)": "1014.5"}, {"Date": "2023-03-11", "Minimum temperature (\u00b0C)": "13.3", "Maximum temperature (\u00b0C)": "24.7", "Rainfall (mm)": "0", "Evaporation (mm)": "6.0", "Sunshine (hours)": "10.5", "Speed of maximum wind gust (km/h)": "31", "Time of maximum wind gust": "16:49", "9am Temperature (\u00b0C)": "16.4", "9am relative humidity (%)": "86", "9am cloud amount (oktas)": "1", "9am wind speed (km/h)": 0, "9am MSL pressure (hPa)": "1014.4", "3pm Temperature (\u00b0C)": "24.0", "3pm relative humidity (%)": "47", "3pm cloud amount (oktas)": "3", "3pm wind speed (km/h)": 13, "3pm MSL pressure (hPa)": "1011.9"}, {"Date": "2023-03-12", "Minimum temperature (\u00b0C)": "15.5", "Maximum temperature (\u00b0C)": "20.7", "Rainfall (mm)": "0", "Evaporation (mm)": "7.0", "Sunshine (hours)": "2.5", "Speed of maximum wind gust (km/h)": "37", "Time of maximum wind gust": "14:44", "9am Temperature (\u00b0C)": "17.4", "9am relative humidity (%)": "67", "9am cloud amount (oktas)": "7", "9am wind speed (km/h)": 9, "9am MSL pressure (hPa)": "1014.8", "3pm Temperature (\u00b0C)": "19.6", "3pm relative humidity (%)": "58", "3pm cloud amount (oktas)": "6", "3pm wind speed (km/h)": 17, "3pm MSL pressure (hPa)": "1015.4"}, {"Date": "2023-03-13", "Minimum temperature (\u00b0C)": "11.7", "Maximum temperature (\u00b0C)": "22.4", "Rainfall (mm)": "0", "Evaporation (mm)": "2.4", "Sunshine (hours)": "9.6", "Speed of maximum wind gust (km/h)": "30", "Time of maximum wind gust": "15:34", "9am Temperature (\u00b0C)": "16.4", "9am relative humidity (%)": "68", "9am cloud amount (oktas)": "7", "9am wind speed (km/h)": 7, "9am MSL pressure (hPa)": "1018.2", "3pm Temperature (\u00b0C)": "21.3", "3pm relative humidity (%)": "55", "3pm cloud amount (oktas)": "1", "3pm wind speed (km/h)": 13, "3pm MSL pressure (hPa)": "1016.6"}, {"Date": "2023-03-14", "Minimum temperature (\u00b0C)": "15.9", "Maximum temperature (\u00b0C)": "30.5", "Rainfall (mm)": "0", "Evaporation (mm)": "5.2", "Sunshine (hours)": "8.3", "Speed of maximum wind gust (km/h)": "31", "Time of maximum wind gust": "09:23", "9am Temperature (\u00b0C)": "17.6", "9am relative humidity (%)": "81", "9am cloud amount (oktas)": "6", "9am wind speed (km/h)": 9, "9am MSL pressure (hPa)": "1016.5", "3pm Temperature (\u00b0C)": "30.3", "3pm relative humidity (%)": "34", "3pm cloud amount (oktas)": "6", "3pm wind speed (km/h)": 13, "3pm MSL pressure (hPa)": "1012.8"}, {"Date": "2023-03-15", "Minimum temperature (\u00b0C)": "17.6", "Maximum temperature (\u00b0C)": "22.9", "Rainfall (mm)": "0", "Evaporation (mm)": "8.0", "Sunshine (hours)": "5.1", "Speed of maximum wind gust (km/h)": "24", "Time of maximum wind gust": "14:28", "9am Temperature (\u00b0C)": "19.0", "9am relative humidity (%)": "81", "9am cloud amount (oktas)": "8", "9am wind speed (km/h)": 6, "9am MSL pressure (hPa)": "1013.8", "3pm Temperature (\u00b0C)": "21.6", "3pm relative humidity (%)": "69", "3pm cloud amount (oktas)": "7", "3pm wind speed (km/h)": 11, "3pm MSL pressure (hPa)": "1010.3"}, {"Date": "2023-03-16", "Minimum temperature (\u00b0C)": "17.3", "Maximum temperature (\u00b0C)": "28.5", "Rainfall (mm)": "0", "Evaporation (mm)": "4.8", "Sunshine (hours)": "6.7", "Speed of maximum wind gust (km/h)": "39", "Time of maximum wind gust": "20:28", "9am Temperature (\u00b0C)": "18.6", "9am relative humidity (%)": "63", "9am cloud amount (oktas)": "7", "9am wind speed (km/h)": 11, "9am MSL pressure (hPa)": "1010.0", "3pm Temperature (\u00b0C)": "27.6", "3pm relative humidity (%)": "40", "3pm cloud amount (oktas)": "2", "3pm wind speed (km/h)": 13, "3pm MSL pressure (hPa)": "1007.4"}, {"Date": "2023-03-17", "Minimum temperature (\u00b0C)": "15.8", "Maximum temperature (\u00b0C)": "24.6", "Rainfall (mm)": "2.6", "Evaporation (mm)": "6.6", "Sunshine (hours)": "10.6", "Speed of maximum wind gust (km/h)": "28", "Time of maximum wind gust": "23:34", "9am Temperature (\u00b0C)": "16.8", "9am relative humidity (%)": "64", "9am cloud amount (oktas)": "4", "9am wind speed (km/h)": 7, "9am MSL pressure (hPa)": "1016.6", "3pm Temperature (\u00b0C)": "22.6", "3pm relative humidity (%)": "41", "3pm cloud amount (oktas)": "1", "3pm wind speed (km/h)": 9, "3pm MSL pressure (hPa)": "1014.7"}, {"Date": "2023-03-18", "Minimum temperature (\u00b0C)": "14.6", "Maximum temperature (\u00b0C)": "36.2", "Rainfall (mm)": "0", "Evaporation (mm)": "7.4", "Sunshine (hours)": "2.9", "Speed of maximum wind gust (km/h)": "52", "Time of maximum wind gust": "10:56", "9am Temperature (\u00b0C)": "23.1", "9am relative humidity (%)": "43", "9am cloud amount (oktas)": "7", "9am wind speed (km/h)": 13, "9am MSL pressure (hPa)": "1011.4", "3pm Temperature (\u00b0C)": "32.0", "3pm relative humidity (%)": "27", "3pm cloud amount (oktas)": "7", "3pm wind speed (km/h)": 17, "3pm MSL pressure (hPa)": "1008.9"}, {"Date": "2023-03-19", "Minimum temperature (\u00b0C)": "17.3", "Maximum temperature (\u00b0C)": "19.0", "Rainfall (mm)": "0", "Evaporation (mm)": "8.8", "Sunshine (hours)": "0.0", "Speed of maximum wind gust (km/h)": "28", "Time of maximum wind gust": "18:58", "9am Temperature (\u00b0C)": "17.4", "9am relative humidity (%)": "74", "9am cloud amount (oktas)": "8", "9am wind speed (km/h)": 7, "9am MSL pressure (hPa)": "1019.7", "3pm Temperature (\u00b0C)": "18.1", "3pm relative humidity (%)": "70", "3pm cloud amount (oktas)": "7", "3pm wind speed (km/h)": 11, "3pm MSL pressure (hPa)": "1020.1"}, {"Date": "2023-03-20", "Minimum temperature (\u00b0C)": "14.9", "Maximum temperature (\u00b0C)": "20.8", "Rainfall (mm)": "0", "Evaporation (mm)": "3.8", "Sunshine (hours)": "8.2", "Speed of maximum wind gust (km/h)": "41", "Time of maximum wind gust": "14:29", "9am Temperature (\u00b0C)": "15.7", "9am relative humidity (%)": "56", "9am cloud amount (oktas)": "3", "9am wind speed (km/h)": 17, "9am MSL pressure (hPa)": "1027.8", "3pm Temperature (\u00b0C)": "20.3", "3pm relative humidity (%)": "42", "3pm cloud amount (oktas)": "2", "3pm wind speed (km/h)": 15, "3pm MSL pressure (hPa)": "1026.5"}, {"Date": "2023-03-21", "Minimum temperature (\u00b0C)": "11.7", "Maximum temperature (\u00b0C)": "19.4", "Rainfall (mm)": "0", "Evaporation (mm)": "5.4", "Sunshine (hours)": "0.0", "Speed of maximum wind gust (km/h)": "17", "Time of maximum wind gust": "23:20", "9am Temperature (\u00b0C)": "13.5", "9am relative humidity (%)": "70", "9am cloud amount (oktas)": "7", "9am wind speed (km/h)": 6, "9am MSL pressure (hPa)": "1025.7", "3pm Temperature (\u00b0C)": "18.4", "3pm relative humidity (%)": "65", "3pm cloud amount (oktas)": "8", "3pm wind speed (km/h)": 7, "3pm MSL pressure (hPa)": "1022.7"}, {"Date": "2023-03-22", "Minimum temperature (\u00b0C)": "13.5", "Maximum temperature (\u00b0C)": "22.8", "Rainfall (mm)": "1.6", "Evaporation (mm)": "1.2", "Sunshine (hours)": "8.6", "Speed of maximum wind gust (km/h)": "24", "Time of maximum wind gust": "15:01", "9am Temperature (\u00b0C)": "17.3", "9am relative humidity (%)": "86", "9am cloud amount (oktas)": "4", "9am wind speed (km/h)": 2, "9am MSL pressure (hPa)": "1021.0", "3pm Temperature (\u00b0C)": "21.8", "3pm relative humidity (%)": "65", "3pm cloud amount (oktas)": "5", "3pm wind speed (km/h)": 13, "3pm MSL pressure (hPa)": "1019.1"}, {"Date": "2023-03-23", "Minimum temperature (\u00b0C)": "15.3", "Maximum temperature (\u00b0C)": "22.6", "Rainfall (mm)": "10.2", "Evaporation (mm)": "4.0", "Sunshine (hours)": "5.7", "Speed of maximum wind gust (km/h)": "24", "Time of maximum wind gust": "07:36", "9am Temperature (\u00b0C)": "16.5", "9am relative humidity (%)": "100", "9am cloud amount (oktas)": "8", "9am wind speed (km/h)": 9, "9am MSL pressure (hPa)": "1017.6", "3pm Temperature (\u00b0C)": "21.4", "3pm relative humidity (%)": "68", "3pm cloud amount (oktas)": "4", "3pm wind speed (km/h)": 9, "3pm MSL pressure (hPa)": "1015.6"}, {"Date": "2023-03-24", "Minimum temperature (\u00b0C)": "16.1", "Maximum temperature (\u00b0C)": "21.6", "Rainfall (mm)": "1.4", "Evaporation (mm)": "2.0", "Sunshine (hours)": "0.4", "Speed of maximum wind gust (km/h)": "31", "Time of maximum wind gust": "10:11", "9am Temperature (\u00b0C)": "17.3", "9am relative humidity (%)": "74", "9am cloud amount (oktas)": "8", "9am wind speed (km/h)": 7, "9am MSL pressure (hPa)": "1019.6", "3pm Temperature (\u00b0C)": "19.2", "3pm relative humidity (%)": "55", "3pm cloud amount (oktas)": "7", "3pm wind speed (km/h)": 13, "3pm MSL pressure (hPa)": "1019.0"}, {"Date": "2023-03-25", "Minimum temperature (\u00b0C)": "11.6", "Maximum temperature (\u00b0C)": "19.6", "Rainfall (mm)": "0.2", "Evaporation (mm)": "2.8", "Sunshine (hours)": "5.2", "Speed of maximum wind gust (km/h)": "33", "Time of maximum wind gust": "15:49", "9am Temperature (\u00b0C)": "15.7", "9am relative humidity (%)": "69", "9am cloud amount (oktas)": "7", "9am wind speed (km/h)": 9, "9am MSL pressure (hPa)": "1021.7", "3pm Temperature (\u00b0C)": "18.9", "3pm relative humidity (%)": "55", "3pm cloud amount (oktas)": "7", "3pm wind speed (km/h)": 13, "3pm MSL pressure (hPa)": "1019.1"}, {"Date": "2023-03-26", "Minimum temperature (\u00b0C)": "10.7", "Maximum temperature (\u00b0C)": "19.9", "Rainfall (mm)": "0", "Evaporation (mm)": "3.8", "Sunshine (hours)": "0.5", "Speed of maximum wind gust (km/h)": "20", "Time of maximum wind gust": "15:36", "9am Temperature (\u00b0C)": "14.0", "9am relative humidity (%)": "74", "9am cloud amount (oktas)": "7", "9am wind speed (km/h)": 0, "9am MSL pressure (hPa)": "1017.5", "3pm Temperature (\u00b0C)": "19.1", "3pm relative humidity (%)": "63", "3pm cloud amount (oktas)": "7", "3pm wind speed (km/h)": 6, "3pm MSL pressure (hPa)": "1014.4"}, {"Date": "2023-03-27", "Minimum temperature (\u00b0C)": "13.9", "Maximum temperature (\u00b0C)": "18.3", "Rainfall (mm)": "0", "Evaporation (mm)": "3.0", "Sunshine (hours)": "0.0", "Speed of maximum wind gust (km/h)": "26", "Time of maximum wind gust": "16:15", "9am Temperature (\u00b0C)": "16.0", "9am relative humidity (%)": "84", "9am cloud amount (oktas)": "8", "9am wind speed (km/h)": 9, "9am MSL pressure (hPa)": "1013.1", "3pm Temperature (\u00b0C)": "17.6", "3pm relative humidity (%)": "81", "3pm cloud amount (oktas)": "8", "3pm wind speed (km/h)": 11, "3pm MSL pressure (hPa)": "1010.5"}, {"Date": "2023-03-28", "Minimum temperature (\u00b0C)": "15.5", "Maximum temperature (\u00b0C)": "20.9", "Rainfall (mm)": "8.0", "Evaporation (mm)": "0.0", "Sunshine (hours)": "6.2", "Speed of maximum wind gust (km/h)": "24", "Time of maximum wind gust": "14:56", "9am Temperature (\u00b0C)": "16.7", "9am relative humidity (%)": "95", "9am cloud amount (oktas)": "7", "9am wind speed (km/h)": 0, "9am MSL pressure (hPa)": "1012.4", "3pm Temperature (\u00b0C)": "20.2", "3pm relative humidity (%)": "69", "3pm cloud amount (oktas)": "2", "3pm wind speed (km/h)": 11, "3pm MSL pressure (hPa)": "1009.9"}, {"Date": "2023-03-29", "Minimum temperature (\u00b0C)": "14.9", "Maximum temperature (\u00b0C)": "18.5", "Rainfall (mm)": "5.8", "Evaporation (mm)": "3.0", "Sunshine (hours)": "0.9", "Speed of maximum wind gust (km/h)": "43", "Time of maximum wind gust": "16:48", "9am Temperature (\u00b0C)": "14.9", "9am relative humidity (%)": "91", "9am cloud amount (oktas)": "8", "9am wind speed (km/h)": 7, "9am MSL pressure (hPa)": "1009.3", "3pm Temperature (\u00b0C)": "17.9", "3pm relative humidity (%)": "60", "3pm cloud amount (oktas)": "7", "3pm wind speed (km/h)": 17, "3pm MSL pressure (hPa)": "1008.6"}, {"Date": "2023-03-30", "Minimum temperature (\u00b0C)": "12.4", "Maximum temperature (\u00b0C)": "19.1", "Rainfall (mm)": "8.2", "Evaporation (mm)": "3.4", "Sunshine (hours)": "3.0", "Speed of maximum wind gust (km/h)": "31", "Time of maximum wind gust": "00:23", "9am Temperature (\u00b0C)": "14.3", "9am relative humidity (%)": "69", "9am cloud amount (oktas)": "7", "9am wind speed (km/h)": 9, "9am MSL pressure (hPa)": "1011.0", "3pm Temperature (\u00b0C)": "18.4", "3pm relative humidity (%)": "57", "3pm cloud amount (oktas)": "7", "3pm wind speed (km/h)": 13, "3pm MSL pressure (hPa)": "1010.1"}, {"Date": "2023-03-31", "Minimum temperature (\u00b0C)": "14.1", "Maximum temperature (\u00b0C)": "19.4", "Rainfall (mm)": "0", "Evaporation (mm)": "4.0", "Sunshine (hours)": "4.8", "Speed of maximum wind gust (km/h)": "33", "Time of maximum wind gust": "14:53", "9am Temperature (\u00b0C)": "15.2", "9am relative humidity (%)": "71", "9am cloud amount (oktas)": "4", "9am wind speed (km/h)": 6, "9am MSL pressure (hPa)": "1013.2", "3pm Temperature (\u00b0C)": "19.0", "3pm relative humidity (%)": "67", "3pm cloud amount (oktas)": "7", "3pm wind speed (km/h)": 13, "3pm MSL pressure (hPa)": "1012.6"}]