[
    {
        "persons_num":12639,
        "lga_name17":"ALPINE"
    },
    {
        "persons_num":11757,
        "lga_name17":"ARARAT"
    },
    {
        "persons_num":105438,
        "lga_name17":"BALLARAT"
    },
    {
        "persons_num":129125,
        "lga_name17":"BANYULE"
    },
    {
        "persons_num":34390,
        "lga_name17":"BASS COAST"
    },
    {
        "persons_num":50687,
        "lga_name17":"BAW BAW"
    },
    {
        "persons_num":104274,
        "lga_name17":"BAYSIDE"
    },
    {
        "persons_num":13975,
        "lga_name17":"BENALLA"
    },
    {
        "persons_num":179640,
        "lga_name17":"BOROONDARA"
    },
    {
        "persons_num":207009,
        "lga_name17":"BRIMBANK"
    },
    {
        "persons_num":6206,
        "lga_name17":"BULOKE"
    },
    {
        "persons_num":37602,
        "lga_name17":"CAMPASPE"
    },
    {
        "persons_num":102425,
        "lga_name17":"CARDINIA"
    },
    {
        "persons_num":326820,
        "lga_name17":"CASEY"
    },
    {
        "persons_num":13148,
        "lga_name17":"CENTRAL GOLDFIELDS"
    },
    {
        "persons_num":21432,
        "lga_name17":"COLAC OTWAY"
    },
    {
        "persons_num":16212,
        "lga_name17":"CORANGAMITE"
    },
    {
        "persons_num":158745,
        "lga_name17":"DAREBIN"
    },
    {
        "persons_num":46142,
        "lga_name17":"EAST GIPPSLAND"
    },
    {
        "persons_num":140739,
        "lga_name17":"FRANKSTON"
    },
    {
        "persons_num":10570,
        "lga_name17":"GANNAWARRA"
    },
    {
        "persons_num":65565,
        "lga_name17":"GREATER SHEPPARTON"
    },
    {
        "persons_num":15629,
        "lga_name17":"HEPBURN"
    },
    {
        "persons_num":5718,
        "lga_name17":"HINDMARSH"
    },
    {
        "persons_num":95078,
        "lga_name17":"HOBSONS BAY"
    },
    {
        "persons_num":19889,
        "lga_name17":"HORSHAM"
    },
    {
        "persons_num":215260,
        "lga_name17":"HUME"
    },
    {
        "persons_num":16335,
        "lga_name17":"INDIGO"
    },
    {
        "persons_num":161056,
        "lga_name17":"KINGSTON"
    },
    {
        "persons_num":161842,
        "lga_name17":"KNOX"
    },
    {
        "persons_num":74921,
        "lga_name17":"LATROBE"
    },
    {
        "persons_num":7507,
        "lga_name17":"LODDON"
    },
    {
        "persons_num":48430,
        "lga_name17":"MACEDON RANGES"
    },
    {
        "persons_num":124262,
        "lga_name17":"MANNINGHAM"
    },
    {
        "persons_num":8797,
        "lga_name17":"MANSFIELD"
    },
    {
        "persons_num":89361,
        "lga_name17":"MARIBYRNONG"
    },
    {
        "persons_num":116332,
        "lga_name17":"MAROONDAH"
    },
    {
        "persons_num":158923,
        "lga_name17":"MELBOURNE"
    },
    {
        "persons_num":148644,
        "lga_name17":"MELTON"
    },
    {
        "persons_num":55151,
        "lga_name17":"MILDURA"
    },
    {
        "persons_num":42910,
        "lga_name17":"MITCHELL"
    },
    {
        "persons_num":29655,
        "lga_name17":"MOIRA"
    },
    {
        "persons_num":196856,
        "lga_name17":"MONASH"
    },
    {
        "persons_num":125415,
        "lga_name17":"MOONEE VALLEY"
    },
    {
        "persons_num":33448,
        "lga_name17":"MOORABOOL"
    },
    {
        "persons_num":163847,
        "lga_name17":"MORNINGTON PENINSULA"
    },
    {
        "persons_num":19298,
        "lga_name17":"MOUNT ALEXANDER"
    },
    {
        "persons_num":16794,
        "lga_name17":"MOYNE"
    },
    {
        "persons_num":14234,
        "lga_name17":"MURRINDINDI"
    },
    {
        "persons_num":64626,
        "lga_name17":"NILLUMBIK"
    },
    {
        "persons_num":11518,
        "lga_name17":"NORTHERN GRAMPIANS"
    },
    {
        "persons_num":110634,
        "lga_name17":"PORT PHILLIP"
    },
    {
        "persons_num":7359,
        "lga_name17":"PYRENEES"
    },
    {
        "persons_num":2960,
        "lga_name17":"QUEENSCLIFFE"
    },
    {
        "persons_num":29324,
        "lga_name17":"SOUTH GIPPSLAND"
    },
    {
        "persons_num":16125,
        "lga_name17":"SOUTHERN GRAMPIANS"
    },
    {
        "persons_num":113737,
        "lga_name17":"STONNINGTON"
    },
    {
        "persons_num":245751,
        "lga_name17":"GREATER GEELONG"
    },
    {
        "persons_num":10485,
        "lga_name17":"STRATHBOGIE"
    },
    {
        "persons_num":31350,
        "lga_name17":"SURF COAST"
    },
    {
        "persons_num":20850,
        "lga_name17":"SWAN HILL"
    },
    {
        "persons_num":6040,
        "lga_name17":"TOWONG"
    },
    {
        "persons_num":28857,
        "lga_name17":"WANGARATTA"
    },
    {
        "persons_num":34571,
        "lga_name17":"WARRNAMBOOL"
    },
    {
        "persons_num":43807,
        "lga_name17":"WELLINGTON"
    },
    {
        "persons_num":3895,
        "lga_name17":"WEST WIMMERA"
    },
    {
        "persons_num":173233,
        "lga_name17":"WHITEHORSE"
    },
    {
        "persons_num":215716,
        "lga_name17":"WHITTLESEA"
    },
    {
        "persons_num":40819,
        "lga_name17":"WODONGA"
    },
    {
        "persons_num":241100,
        "lga_name17":"WYNDHAM"
    },
    {
        "persons_num":95981,
        "lga_name17":"YARRA"
    },
    {
        "persons_num":156891,
        "lga_name17":"YARRA RANGES"
    },
    {
        "persons_num":6684,
        "lga_name17":"YARRIAMBIACK"
    },
    {
        "persons_num":151439,
        "lga_name17":"GLEN EIRA"
    },
    {
        "persons_num":19695,
        "lga_name17":"GLENELG"
    },
    {
        "persons_num":22574,
        "lga_name17":"GOLDEN PLAINS"
    },
    {
        "persons_num":114111,
        "lga_name17":"GREATER BENDIGO"
    },
    {
        "persons_num":163514,
        "lga_name17":"GREATER DANDENONG"
    }
]